from,to,cost
1,0,0.019894490342806
4,5,0.021284643525322
3,2,0.014359027299924
4,2,0.03264847814217
1,2,0.012913080383863
1,3,0.016548699344662
1,4,0.037833030277789
