from,to,cost
3,2,0.019894490342806
6,7,0.021284643525322
5,4,0.014359027299924
6,4,0.03264847814217
3,4,0.012913080383863
3,5,0.016548699344662
3,6,0.037833030277789
