from,to,cost
0,1,0.019894490342806
1,2,0.012823592203435